Workbook
Name mes: #REF!
Name MESES: [1]MESES!$A$2:$A$13

Sheet Lista de Indicadores
A8: Nro | B8: Proceso | C8: Sistema de Gestión | D8: Nombre | E8: Indicador | F8: Variables 1 | G8: Variable 2 | H8: Meta | I8: Resultado Alcanzado | J8: Seguimiento
A9: 1 | B9: Gestión Comercial | C9: SGC | D9: Indice de quejas | E9: (Nro. quejas atendidas a tiempo/Nro. total de quejas reportadas)*100 | F9: Nro. quejas atendidas a tiempo | G9: Nro. total de quejas reportadas | H9: 0.7 | I9: ='IND1'!I3 -> - | J9: Mensual
A10: 2 | B10: Confección | C10: SGC | D10: Cumplimiento de pedidos | E10: (Nro. pedidos atendidos dentro de plazo de atención/Nro. total de pedidos recepcionados por el cliente)*100 | F10: Nro. pedidos atendidos dentro de plazo de atención | G10: Nro. total de pedidos recepcionados por el cliente | H10: 1 | I10: ='IND2'!I3 -> - | J10: Mensual
A11: 3 | B11: Gestión Logistica | C11: SGC | D11: Cumplimiento compras a proveedores calificados | E11: (Nro. compras realizadas a proveedores calificados/Nro. de compras realizadas)*100 | F11: Nro. compras realizadas a proveedores calificados | G11: Nro. de compras realizadas | H11: 1 | I11: ='IND3'!I3 -> - | J11: Mensual
A12: 4 | B12: Mantenimiento y Control de Equipo | C12: SGC | D12: Cumplimiento de mantenimientos programados | E12: (Nro. mantenimientos ejecutadas dentro del plazo/Nro. total de mantenimientos programados)*100 | F12: Nro. mantenimientos ejecutadas dentro del plazo | G12: Nro. total de mantenimientos programados | H12: 1 | I12: ='IND4'!I3 -> - | J12: Mensual
A13: 5 | B13: Recursos Humanos | C13: SGC / SGSST | D13: Cumplimiento del programa de capacitación | E13: (Nro. capacitaciones ejecutadas dentro del plazo/Nro. total de capacitaciones programadas)*100 | F13: Nro. capacitaciones ejecutadas dentro del plazo | G13: Nro. total de capacitaciones programadas | H13: 1 | I13: ='IND5'!I3 -> - | J13: Mensual
A14: 6 | B14: Gestión SIG | C14: SGC / SGSST | D14: Cumplimiento de inspecciones programadas | E14: (Nro. de inspecciones ejecutadas/Nro. total de inspecciones programadas)*100 | F14: Nro. de inspecciones ejecutadas | G14: Nro. total de inspecciones programadas | H14: 1 | I14: ='IND6'!I3 -> - | J14: Mensual
A15: 7 | B15: Gestión SIG | C15: SGSST | D15: Reducción de accidentes | E15: (Nro. de accidentes ocurridos/Nro. de acciones correctivas planificadas)*100 | F15: Nro. de accidentes ocurridos | G15: Nro. de acciones correctivas planificadas | H15: 1 | I15: ='IND7'!I3 -> - | J15: Mensual
A16: 8 | B16: Gestión SIG | C16: SGSST | D16: Reducción de incidentes | E16: (Nro. de incidentes reportados/Nro. acciones de mejoras realizadas)*100 | F16: Nro. de incidentes reportados | G16: Nro. acciones de mejoras realizadas | H16: 1 | I16: ='IND8'!I3 -> - | J16: Mensual
A17: 9 | B17: Gestión SIG | C17: SGSST | D17: Cumplimiento de requisitos legales | E17: (Nro. de requisitos legales con acciones cumplidas y mantenidas/Nro. total de requisitos legales)*100 | F17: Nro. de requisitos legales con acciones cumplidas y mantenidas | G17: Nro. total de requisitos legales | H17: 1 | I17: ='IND9'!I3 -> - | J17: Mensual
A18: 10 | B18: Gestión SIG | C18: SGC / SGSST | D18: Cumplimiento del programa auditorias internas | E18: (Nro. de auditorias ejecutadas/Nro. total de auditorias programadas)*100 | F18: Nro. de auditorias ejecutadas | G18: Nro. total de auditorias programada | H18: 1 | I18: ='IND10'!I3 -> - | J18: Semestral
A19: 11 | B19: Planeamiento Estrategico | C19: SGC / SGSST | D19: Indice de mejoras | E19: (Nro. de acciones de mejora detectada como resultado de la revisión por la dirección/Nro. total de revisiones por la dirección ejecutadas)*100 | F19: Nro. de acciones de mejora detectada como resultado de la revisión por la dirección | G19: Nro. total de revisiones por la dirección ejecutadas | H19: 1 | I19: ='IND10'!I4 -> 0 | J19: Anual
A20: 12 | B20: Administración | C20: SGC | D20: Cumplimiento de Declaración de Impuestos | E20: (Declaración de Impuesto realizado en la fecha programada/Declaración programaada)*100 | F20: Declaración de Impuesto realizado en la fecha programada | G20: Declaración programaada | H20: 1 | I20: ='IND10'!I5 -> Julio | J20: Mensual
A21: 13 | B21: Diseño | C21: SGC | D21: Cumplimiento de los Requisitos de Diseño | E21: (Nuevos diseños producidos y aceptados por el cliente/Numero de diseño aprobados por el clientes)*100 | F21: Nuevos diseños producidos y aceptados por el cliente | G21: Numero de diseño aprobados por el clientes | H21: 1 | I21: ='IND10'!I6 -> 0 | J21: Mensual
A22: 14 | B22: Control de la Calidad | C22: SGC | D22: Cumplimiento de revision de requisito del producto | E22: (Nro. de orden de pedido liberado por el encargado de calidad/Nro. total de orden de pedido)*100 | F22: Nro. de orden de pedido liberado por el encargado de calidad | G22: Nro. total de orden de pedido | H22: 1 | I22: ='IND10'!I7 -> 0 | J22: Mensual
A23: 15 | B23: Gestión SIG | C23: SGC / SGSST | D23: Eficacia de las acciones de los riesgos y oportunidades | E23: (Nro. de revisión de eficacia de acciones / Nro. de revisiones programadas)*100 | F23: Nro. de revisión de eficacia de acciones | G23: Nro. de revisiones programadas | H23: 1 | I23: ='IND10'!I8 | J23: Semestral

Sheet IND1
B2: Nombre del Indicador | C2: ='Lista de Indicadores'!D9 -> Indice de quejas | F2: FORMULA | I2: RESULTADO | J2: META | K2: BUENO | L2: REGULAR | M2: MALO | N2: FRECUENCIA DE SEGUIMIENTO
F3: ='Lista de Indicadores'!E9 -> (Nro. quejas atendidas a tiempo/Nro. total de quejas reportadas)*100 | I3: =IFERROR(AVERAGE(C8:N8),"-") -> - | J3: ='Lista de Indicadores'!H9 -> 0.7 | K3: 0.3 | L3: 0.3 | M3: 0.4 | N3: ='Lista de Indicadores'!J9 -> Mensual
B4: 2021
C5: Enero | D5: Febrero | E5: Marzo | F5: Abril | G5: Mayo | H5: Junio | I5: Julio | J5: Agosto | K5: Septiembre | L5: Octubre | M5: Noviembre | N5: Diciembre
B6: ='Lista de Indicadores'!F9 -> Nro. quejas atendidas a tiempo
B7: ='Lista de Indicadores'!G9 -> Nro. total de quejas reportadas
B8: Indicador | C8: =IFERROR(IF(ISBLANK(C7),"",C6/C7),"-") | D8: =IFERROR(IF(ISBLANK(D7),"",D6/D7),"-") | E8: =IFERROR(IF(ISBLANK(E7),"",E6/E7),"-") | F8: =IFERROR(IF(ISBLANK(F7),"",F6/F7),"-") | G8: =IFERROR(IF(ISBLANK(G7),"",G6/G7),"-") | H8: =IFERROR(IF(ISBLANK(H7),"",H6/H7),"-") | I8: =IFERROR(IF(ISBLANK(I7),"",I6/I7),"-") | J8: =IFERROR(IF(ISBLANK(J7),"",J6/J7),"-") | ... N8: =IFERROR(IF(ISBLANK(N7),"",N6/N7),"-")
B30: ACCIONES A TOMAR
B31: Mes | C31: Acciones a desarrollar | H31: Responsable | K31: Fecha a ejecutar
B32: Enero
B33: Febrero
B34: Marzo
B35: Abril
B36: Mayo
B37: Junio
B38: Julio
B39: Agosto
B40: Setiembre
B41: Octubre
B42: Noviembre
B43: Diciembre

Sheet IND2
B2: Nombre del Indicador | C2: ='Lista de Indicadores'!D10 -> Cumplimiento de pedidos | F2: FORMULA | I2: RESULTADO | J2: META | K2: BUENO | L2: REGULAR | M2: MALO | N2: FRECUENCIA DE SEGUIMIENTO
F3: ='Lista de Indicadores'!E10 -> (Nro. pedidos atendidos dentro de plazo de atención/Nro. total de pedidos recepcionados por el cliente)*100 | I3: =IFERROR(AVERAGE(C8:N8),"-") -> - | J3: ='Lista de Indicadores'!H10 -> 1 | K3: 0.3 | L3: 0.3 | M3: 0.4 | N3: ='Lista de Indicadores'!J10 -> Mensual
B4: 2021
C5: Enero | D5: Febrero | E5: Marzo | F5: Abril | G5: Mayo | H5: Junio | I5: Julio | J5: Agosto | K5: Septiembre | L5: Octubre | M5: Noviembre | N5: Diciembre
B6: ='Lista de Indicadores'!F10 -> Nro. pedidos atendidos dentro de plazo de atención
B7: ='Lista de Indicadores'!G10 -> Nro. total de pedidos recepcionados por el cliente
B8: Indicador | C8: =IFERROR(IF(ISBLANK(C7),"",C6/C7),"-") | D8: =IFERROR(IF(ISBLANK(D7),"",D6/D7),"-") | E8: =IFERROR(IF(ISBLANK(E7),"",E6/E7),"-") | F8: =IFERROR(IF(ISBLANK(F7),"",F6/F7),"-") | G8: =IFERROR(IF(ISBLANK(G7),"",G6/G7),"-") | H8: =IFERROR(IF(ISBLANK(H7),"",H6/H7),"-") | I8: =IFERROR(IF(ISBLANK(I7),"",I6/I7),"-") | J8: =IFERROR(IF(ISBLANK(J7),"",J6/J7),"-") | ... N8: =IFERROR(IF(ISBLANK(N7),"",N6/N7),"-")
B30: ACCIONES A TOMAR
B31: Mes | C31: Acciones a desarrollar | H31: Responsable | K31: Fecha a ejecutar
B32: Enero
B33: Febrero
B34: Marzo
B35: Abril
B36: Mayo
B37: Junio
B38: Julio
B39: Agosto
B40: Setiembre
B41: Octubre
B42: Noviembre
B43: Diciembre

Sheet IND3
B2: Nombre del Indicador | C2: ='Lista de Indicadores'!D11 -> Cumplimiento compras a proveedores calificados | F2: FORMULA | I2: RESULTADO | J2: META | K2: BUENO | L2: REGULAR | M2: MALO | N2: FRECUENCIA DE SEGUIMIENTO
F3: ='Lista de Indicadores'!E11 -> (Nro. compras realizadas a proveedores calificados/Nro. de compras realizadas)*100 | I3: =IFERROR(AVERAGE(C8:N8),"-") -> - | J3: ='Lista de Indicadores'!H11 -> 1 | K3: 0.3 | L3: 0.3 | M3: 0.4 | N3: ='Lista de Indicadores'!J11 -> Mensual
B4: 2021
C5: Enero | D5: Febrero | E5: Marzo | F5: Abril | G5: Mayo | H5: Junio | I5: Julio | J5: Agosto | K5: Septiembre | L5: Octubre | M5: Noviembre | N5: Diciembre
B6: ='Lista de Indicadores'!F11 -> Nro. compras realizadas a proveedores calificados
B7: ='Lista de Indicadores'!G11 -> Nro. de compras realizadas
B8: Indicador | C8: =IFERROR(IF(ISBLANK(C7),"",C6/C7),"-") | D8: =IFERROR(IF(ISBLANK(D7),"",D6/D7),"-") | E8: =IFERROR(IF(ISBLANK(E7),"",E6/E7),"-") | F8: =IFERROR(IF(ISBLANK(F7),"",F6/F7),"-") | G8: =IFERROR(IF(ISBLANK(G7),"",G6/G7),"-") | H8: =IFERROR(IF(ISBLANK(H7),"",H6/H7),"-") | I8: =IFERROR(IF(ISBLANK(I7),"",I6/I7),"-") | J8: =IFERROR(IF(ISBLANK(J7),"",J6/J7),"-") | ... N8: =IFERROR(IF(ISBLANK(N7),"",N6/N7),"-")
B30: ACCIONES A TOMAR
B31: Mes | C31: Acciones a desarrollar | H31: Responsable | K31: Fecha a ejecutar
B32: Enero
B33: Febrero
B34: Marzo
B35: Abril
B36: Mayo
B37: Junio
B38: Julio
B39: Agosto
B40: Setiembre
B41: Octubre
B42: Noviembre
B43: Diciembre

Sheet IND4
B2: Nombre del Indicador | C2: ='Lista de Indicadores'!D12 -> Cumplimiento de mantenimientos programados | F2: FORMULA | I2: RESULTADO | J2: META | K2: BUENO | L2: REGULAR | M2: MALO | N2: FRECUENCIA DE SEGUIMIENTO
F3: ='Lista de Indicadores'!E12 -> (Nro. mantenimientos ejecutadas dentro del plazo/Nro. total de mantenimientos programados)*100 | I3: =IFERROR(AVERAGE(C8:N8),"-") -> - | J3: ='Lista de Indicadores'!H11 -> 1 | K3: 0.3 | L3: 0.3 | M3: 0.4 | N3: ='Lista de Indicadores'!J12 -> Mensual
B4: 2021
C5: Enero | D5: Febrero | E5: Marzo | F5: Abril | G5: Mayo | H5: Junio | I5: Julio | J5: Agosto | K5: Septiembre | L5: Octubre | M5: Noviembre | N5: Diciembre
B6: ='Lista de Indicadores'!F12 -> Nro. mantenimientos ejecutadas dentro del plazo
B7: ='Lista de Indicadores'!G12 -> Nro. total de mantenimientos programados
B8: Indicador | C8: =IFERROR(IF(ISBLANK(C7),"",C6/C7),"-") | D8: =IFERROR(IF(ISBLANK(D7),"",D6/D7),"-") | E8: =IFERROR(IF(ISBLANK(E7),"",E6/E7),"-") | F8: =IFERROR(IF(ISBLANK(F7),"",F6/F7),"-") | G8: =IFERROR(IF(ISBLANK(G7),"",G6/G7),"-") | H8: =IFERROR(IF(ISBLANK(H7),"",H6/H7),"-") | I8: =IFERROR(IF(ISBLANK(I7),"",I6/I7),"-") | J8: =IFERROR(IF(ISBLANK(J7),"",J6/J7),"-") | ... N8: =IFERROR(IF(ISBLANK(N7),"",N6/N7),"-")
B30: ACCIONES A TOMAR
B31: Mes | C31: Acciones a desarrollar | H31: Responsable | K31: Fecha a ejecutar
B32: Enero
B33: Febrero
B34: Marzo
B35: Abril
B36: Mayo
B37: Junio
B38: Julio
B39: Agosto
B40: Setiembre
B41: Octubre
B42: Noviembre
B43: Diciembre

Sheet IND5
B2: Nombre del Indicador | C2: ='Lista de Indicadores'!D13 -> Cumplimiento del programa de capacitación | F2: FORMULA | I2: RESULTADO | J2: META | K2: BUENO | L2: REGULAR | M2: MALO | N2: FRECUENCIA DE SEGUIMIENTO
F3: ='Lista de Indicadores'!E13 -> (Nro. capacitaciones ejecutadas dentro del plazo/Nro. total de capacitaciones programadas)*100 | I3: =IFERROR(AVERAGE(C8:N8),"-") -> - | J3: ='Lista de Indicadores'!H13 -> 1 | K3: 0.3 | L3: 0.3 | M3: 0.4 | N3: ='Lista de Indicadores'!J13 -> Mensual
B4: 2021
C5: Enero | D5: Febrero | E5: Marzo | F5: Abril | G5: Mayo | H5: Junio | I5: Julio | J5: Agosto | K5: Septiembre | L5: Octubre | M5: Noviembre | N5: Diciembre
B6: ='Lista de Indicadores'!F13 -> Nro. capacitaciones ejecutadas dentro del plazo
B7: ='Lista de Indicadores'!G13 -> Nro. total de capacitaciones programadas
B8: Indicador | C8: =IFERROR(IF(ISBLANK(C7),"",C6/C7),"-") | D8: =IFERROR(IF(ISBLANK(D7),"",D6/D7),"-") | E8: =IFERROR(IF(ISBLANK(E7),"",E6/E7),"-") | F8: =IFERROR(IF(ISBLANK(F7),"",F6/F7),"-") | G8: =IFERROR(IF(ISBLANK(G7),"",G6/G7),"-") | H8: =IFERROR(IF(ISBLANK(H7),"",H6/H7),"-") | I8: =IFERROR(IF(ISBLANK(I7),"",I6/I7),"-") | J8: =IFERROR(IF(ISBLANK(J7),"",J6/J7),"-") | ... N8: =IFERROR(IF(ISBLANK(N7),"",N6/N7),"-")
B30: ACCIONES A TOMAR
B31: Mes | C31: Acciones a desarrollar | H31: Responsable | K31: Fecha a ejecutar
B32: Enero
B33: Febrero
B34: Marzo
B35: Abril
B36: Mayo
B37: Junio
B38: Julio
B39: Agosto
B40: Setiembre
B41: Octubre
B42: Noviembre
B43: Diciembre

Sheet IND6
B2: Nombre del Indicador | C2: ='Lista de Indicadores'!D14 -> Cumplimiento de inspecciones programadas | F2: FORMULA | I2: RESULTADO | J2: META | K2: BUENO | L2: REGULAR | M2: MALO | N2: FRECUENCIA DE SEGUIMIENTO
F3: ='Lista de Indicadores'!E14 -> (Nro. de inspecciones ejecutadas/Nro. total de inspecciones programadas)*100 | I3: =IFERROR(AVERAGE(C8:N8),"-") -> - | J3: ='Lista de Indicadores'!H14 -> 1 | K3: 0.3 | L3: 0.3 | M3: 0.4 | N3: ='Lista de Indicadores'!J14 -> Mensual
B4: 2021
C5: Enero | D5: Febrero | E5: Marzo | F5: Abril | G5: Mayo | H5: Junio | I5: Julio | J5: Agosto | K5: Septiembre | L5: Octubre | M5: Noviembre | N5: Diciembre
B6: ='Lista de Indicadores'!F14 -> Nro. de inspecciones ejecutadas
B7: ='Lista de Indicadores'!G14 -> Nro. total de inspecciones programadas
B8: Indicador | C8: =IFERROR(IF(ISBLANK(C7),"",C6/C7),"-") | D8: =IFERROR(IF(ISBLANK(D7),"",D6/D7),"-") | E8: =IFERROR(IF(ISBLANK(E7),"",E6/E7),"-") | F8: =IFERROR(IF(ISBLANK(F7),"",F6/F7),"-") | G8: =IFERROR(IF(ISBLANK(G7),"",G6/G7),"-") | H8: =IFERROR(IF(ISBLANK(H7),"",H6/H7),"-") | I8: =IFERROR(IF(ISBLANK(I7),"",I6/I7),"-") | J8: =IFERROR(IF(ISBLANK(J7),"",J6/J7),"-") | ... N8: =IFERROR(IF(ISBLANK(N7),"",N6/N7),"-")
B30: ACCIONES A TOMAR
B31: Mes | C31: Acciones a desarrollar | H31: Responsable | K31: Fecha a ejecutar
B32: Enero
B33: Febrero
B34: Marzo
B35: Abril
B36: Mayo
B37: Junio
B38: Julio
B39: Agosto
B40: Setiembre
B41: Octubre
B42: Noviembre
B43: Diciembre

Sheet IND7
B2: Nombre del Indicador | C2: ='Lista de Indicadores'!D15 -> Reducción de accidentes | F2: FORMULA | I2: RESULTADO | J2: META | K2: BUENO | L2: REGULAR | M2: MALO | N2: FRECUENCIA DE SEGUIMIENTO
F3: ='Lista de Indicadores'!E15 -> (Nro. de accidentes ocurridos/Nro. de acciones correctivas planificadas)*100 | I3: =IFERROR(AVERAGE(C8:N8),"-") -> - | J3: ='Lista de Indicadores'!H15 -> 1 | K3: 0.3 | L3: 0.3 | M3: 0.4 | N3: ='Lista de Indicadores'!J15 -> Mensual
B4: 2021
C5: Enero | D5: Febrero | E5: Marzo | F5: Abril | G5: Mayo | H5: Junio | I5: Julio | J5: Agosto | K5: Septiembre | L5: Octubre | M5: Noviembre | N5: Diciembre
B6: ='Lista de Indicadores'!F15 -> Nro. de accidentes ocurridos
B7: ='Lista de Indicadores'!G15 -> Nro. de acciones correctivas planificadas
B8: Indicador | C8: =IFERROR(IF(ISBLANK(C7),"",C6/C7),"-") | D8: =IFERROR(IF(ISBLANK(D7),"",D6/D7),"-") | E8: =IFERROR(IF(ISBLANK(E7),"",E6/E7),"-") | F8: =IFERROR(IF(ISBLANK(F7),"",F6/F7),"-") | G8: =IFERROR(IF(ISBLANK(G7),"",G6/G7),"-") | H8: =IFERROR(IF(ISBLANK(H7),"",H6/H7),"-") | I8: =IFERROR(IF(ISBLANK(I7),"",I6/I7),"-") | J8: =IFERROR(IF(ISBLANK(J7),"",J6/J7),"-") | ... N8: =IFERROR(IF(ISBLANK(N7),"",N6/N7),"-")
B30: ACCIONES A TOMAR
B31: Mes | C31: Acciones a desarrollar | H31: Responsable | K31: Fecha a ejecutar
B32: Enero
B33: Febrero
B34: Marzo
B35: Abril
B36: Mayo
B37: Junio
B38: Julio
B39: Agosto
B40: Setiembre
B41: Octubre
B42: Noviembre
B43: Diciembre

Sheet IND8
B2: Nombre del Indicador | C2: ='Lista de Indicadores'!D16 -> Reducción de incidentes | F2: FORMULA | I2: RESULTADO | J2: META | K2: BUENO | L2: REGULAR | M2: MALO | N2: FRECUENCIA DE SEGUIMIENTO
F3: ='Lista de Indicadores'!E16 -> (Nro. de incidentes reportados/Nro. acciones de mejoras realizadas)*100 | I3: =IFERROR(AVERAGE(C8:N8),"-") -> - | J3: ='Lista de Indicadores'!H16 -> 1 | K3: 0.3 | L3: 0.3 | M3: 0.4 | N3: ='Lista de Indicadores'!J16 -> Mensual
B4: 2021
C5: Enero | D5: Febrero | E5: Marzo | F5: Abril | G5: Mayo | H5: Junio | I5: Julio | J5: Agosto | K5: Septiembre | L5: Octubre | M5: Noviembre | N5: Diciembre
B6: ='Lista de Indicadores'!F16 -> Nro. de incidentes reportados
B7: ='Lista de Indicadores'!G16 -> Nro. acciones de mejoras realizadas
B8: Indicador | C8: =IFERROR(IF(ISBLANK(C7),"",C6/C7),"-") | D8: =IFERROR(IF(ISBLANK(D7),"",D6/D7),"-") | E8: =IFERROR(IF(ISBLANK(E7),"",E6/E7),"-") | F8: =IFERROR(IF(ISBLANK(F7),"",F6/F7),"-") | G8: =IFERROR(IF(ISBLANK(G7),"",G6/G7),"-") | H8: =IFERROR(IF(ISBLANK(H7),"",H6/H7),"-") | I8: =IFERROR(IF(ISBLANK(I7),"",I6/I7),"-") | J8: =IFERROR(IF(ISBLANK(J7),"",J6/J7),"-") | ... N8: =IFERROR(IF(ISBLANK(N7),"",N6/N7),"-")
B30: ACCIONES A TOMAR
B31: Mes | C31: Acciones a desarrollar | H31: Responsable | K31: Fecha a ejecutar
B32: Enero
B33: Febrero
B34: Marzo
B35: Abril
B36: Mayo
B37: Junio
B38: Julio
B39: Agosto
B40: Setiembre
B41: Octubre
B42: Noviembre
B43: Diciembre

Sheet IND9
B2: Nombre del Indicador | C2: ='Lista de Indicadores'!D17 -> Cumplimiento de requisitos legales | F2: FORMULA | I2: RESULTADO | J2: META | K2: BUENO | L2: REGULAR | M2: MALO | N2: FRECUENCIA DE SEGUIMIENTO
F3: ='Lista de Indicadores'!E17 -> (Nro. de requisitos legales con acciones cumplidas y mantenidas/Nro. total de requisitos legales)*100 | I3: =IFERROR(AVERAGE(C8:N8),"-") -> - | J3: ='Lista de Indicadores'!H17 -> 1 | K3: 0.3 | L3: 0.3 | M3: 0.4 | N3: ='Lista de Indicadores'!J17 -> Mensual
B4: 2021
C5: Enero | D5: Febrero | E5: Marzo | F5: Abril | G5: Mayo | H5: Junio | I5: Julio | J5: Agosto | K5: Septiembre | L5: Octubre | M5: Noviembre | N5: Diciembre
B6: ='Lista de Indicadores'!F17 -> Nro. de requisitos legales con acciones cumplidas y mantenidas
B7: ='Lista de Indicadores'!G17 -> Nro. total de requisitos legales
B8: Indicador | C8: =IFERROR(IF(ISBLANK(C7),"",C6/C7),"-") | D8: =IFERROR(IF(ISBLANK(D7),"",D6/D7),"-") | E8: =IFERROR(IF(ISBLANK(E7),"",E6/E7),"-") | F8: =IFERROR(IF(ISBLANK(F7),"",F6/F7),"-") | G8: =IFERROR(IF(ISBLANK(G7),"",G6/G7),"-") | H8: =IFERROR(IF(ISBLANK(H7),"",H6/H7),"-") | I8: =IFERROR(IF(ISBLANK(I7),"",I6/I7),"-") | J8: =IFERROR(IF(ISBLANK(J7),"",J6/J7),"-") | ... N8: =IFERROR(IF(ISBLANK(N7),"",N6/N7),"-")
B30: ACCIONES A TOMAR
B31: Mes | C31: Acciones a desarrollar | H31: Responsable | K31: Fecha a ejecutar
B32: Enero
B33: Febrero
B34: Marzo
B35: Abril
B36: Mayo
B37: Junio
B38: Julio
B39: Agosto
B40: Setiembre
B41: Octubre
B42: Noviembre
B43: Diciembre

Sheet IND10
B2: Nombre del Indicador | C2: ='Lista de Indicadores'!D18 -> Cumplimiento del programa auditorias internas | F2: FORMULA | I2: RESULTADO | J2: META | K2: BUENO | L2: REGULAR | M2: MALO | N2: FRECUENCIA DE SEGUIMIENTO
F3: ='Lista de Indicadores'!E18 -> (Nro. de auditorias ejecutadas/Nro. total de auditorias programadas)*100 | I3: =IFERROR(AVERAGE(C8:N8),"-") -> - | J3: ='Lista de Indicadores'!H18 -> 1 | K3: 0.3 | L3: 0.3 | M3: 0.4 | N3: ='Lista de Indicadores'!J18 -> Semestral
B4: 2021
C5: Enero | D5: Febrero | E5: Marzo | F5: Abril | G5: Mayo | H5: Junio | I5: Julio | J5: Agosto | K5: Septiembre | L5: Octubre | M5: Noviembre | N5: Diciembre
B6: ='Lista de Indicadores'!F18 -> Nro. de auditorias ejecutadas
B7: ='Lista de Indicadores'!G18 -> Nro. total de auditorias programada
B8: Indicador | C8: =IFERROR(IF(ISBLANK(C7),"",C6/C7),"-") | D8: =IFERROR(IF(ISBLANK(D7),"",D6/D7),"-") | E8: =IFERROR(IF(ISBLANK(E7),"",E6/E7),"-") | F8: =IFERROR(IF(ISBLANK(F7),"",F6/F7),"-") | G8: =IFERROR(IF(ISBLANK(G7),"",G6/G7),"-") | H8: =IFERROR(IF(ISBLANK(H7),"",H6/H7),"-") | I8: =IFERROR(IF(ISBLANK(I7),"",I6/I7),"-") | J8: =IFERROR(IF(ISBLANK(J7),"",J6/J7),"-") | ... N8: =IFERROR(IF(ISBLANK(N7),"",N6/N7),"-")
B30: ACCIONES A TOMAR
B31: Mes | C31: Acciones a desarrollar | H31: Responsable | K31: Fecha a ejecutar
B32: Enero
B33: Febrero
B34: Marzo
B35: Abril
B36: Mayo
B37: Junio
B38: Julio
B39: Agosto
B40: Setiembre
B41: Octubre
B42: Noviembre
B43: Diciembre

Sheet IND11
B2: Nombre del Indicador | C2: ='Lista de Indicadores'!D19 -> Indice de mejoras | F2: FORMULA | I2: RESULTADO | J2: META | K2: BUENO | L2: REGULAR | M2: MALO | N2: FRECUENCIA DE SEGUIMIENTO
F3: ='Lista de Indicadores'!E19 -> (Nro. de acciones de mejora detectada como resultado de la revisión por la dirección/Nro. total de revisiones por la dirección ejecutadas)*100 | I3: =IFERROR(AVERAGE(C8:N8),"-") -> - | J3: ='Lista de Indicadores'!H19 -> 1 | K3: 0.3 | L3: 0.3 | M3: 0.4 | N3: ='Lista de Indicadores'!J19 -> Anual
B4: 2021
C5: Enero | D5: Febrero | E5: Marzo | F5: Abril | G5: Mayo | H5: Junio | I5: Julio | J5: Agosto | K5: Septiembre | L5: Octubre | M5: Noviembre | N5: Diciembre
B6: ='Lista de Indicadores'!F19 -> Nro. de acciones de mejora detectada como resultado de la revisión por la dirección
B7: ='Lista de Indicadores'!G19 -> Nro. total de revisiones por la dirección ejecutadas
B8: Indicador | C8: =IFERROR(IF(ISBLANK(C7),"",C6/C7),"-") | D8: =IFERROR(IF(ISBLANK(D7),"",D6/D7),"-") | E8: =IFERROR(IF(ISBLANK(E7),"",E6/E7),"-") | F8: =IFERROR(IF(ISBLANK(F7),"",F6/F7),"-") | G8: =IFERROR(IF(ISBLANK(G7),"",G6/G7),"-") | H8: =IFERROR(IF(ISBLANK(H7),"",H6/H7),"-") | I8: =IFERROR(IF(ISBLANK(I7),"",I6/I7),"-") | J8: =IFERROR(IF(ISBLANK(J7),"",J6/J7),"-") | ... N8: =IFERROR(IF(ISBLANK(N7),"",N6/N7),"-")
B30: ACCIONES A TOMAR
B31: Mes | C31: Acciones a desarrollar | H31: Responsable | K31: Fecha a ejecutar
B32: Enero
B33: Febrero
B34: Marzo
B35: Abril
B36: Mayo
B37: Junio
B38: Julio
B39: Agosto
B40: Setiembre
B41: Octubre
B42: Noviembre
B43: Diciembre

Sheet IND12
B2: Nombre del Indicador | C2: ='Lista de Indicadores'!D20 -> Cumplimiento de Declaración de Impuestos | F2: FORMULA | I2: RESULTADO | J2: META | K2: BUENO | L2: REGULAR | M2: MALO | N2: FRECUENCIA DE SEGUIMIENTO
F3: ='Lista de Indicadores'!E20 -> (Declaración de Impuesto realizado en la fecha programada/Declaración programaada)*100 | I3: =IFERROR(AVERAGE(C8:N8),"-") -> - | J3: ='Lista de Indicadores'!H20 -> 1 | K3: 0.3 | L3: 0.3 | M3: 0.4 | N3: ='Lista de Indicadores'!J20 -> Mensual
B4: 2021
C5: Enero | D5: Febrero | E5: Marzo | F5: Abril | G5: Mayo | H5: Junio | I5: Julio | J5: Agosto | K5: Septiembre | L5: Octubre | M5: Noviembre | N5: Diciembre
B6: ='Lista de Indicadores'!F20 -> Declaración de Impuesto realizado en la fecha programada
B7: ='Lista de Indicadores'!G20 -> Declaración programaada
B8: Indicador | C8: =IFERROR(IF(ISBLANK(C7),"",C6/C7),"-") | D8: =IFERROR(IF(ISBLANK(D7),"",D6/D7),"-") | E8: =IFERROR(IF(ISBLANK(E7),"",E6/E7),"-") | F8: =IFERROR(IF(ISBLANK(F7),"",F6/F7),"-") | G8: =IFERROR(IF(ISBLANK(G7),"",G6/G7),"-") | H8: =IFERROR(IF(ISBLANK(H7),"",H6/H7),"-") | I8: =IFERROR(IF(ISBLANK(I7),"",I6/I7),"-") | J8: =IFERROR(IF(ISBLANK(J7),"",J6/J7),"-") | ... N8: =IFERROR(IF(ISBLANK(N7),"",N6/N7),"-")
B30: ACCIONES A TOMAR
B31: Mes | C31: Acciones a desarrollar | H31: Responsable | K31: Fecha a ejecutar
B32: Enero
B33: Febrero
B34: Marzo
B35: Abril
B36: Mayo
B37: Junio
B38: Julio
B39: Agosto
B40: Setiembre
B41: Octubre
B42: Noviembre
B43: Diciembre

Sheet IND13
B2: Nombre del Indicador | C2: ='Lista de Indicadores'!D21 -> Cumplimiento de los Requisitos de Diseño | F2: FORMULA | I2: RESULTADO | J2: META | K2: BUENO | L2: REGULAR | M2: MALO | N2: FRECUENCIA DE SEGUIMIENTO
F3: ='Lista de Indicadores'!E21 -> (Nuevos diseños producidos y aceptados por el cliente/Numero de diseño aprobados por el clientes)*100 | I3: =IFERROR(AVERAGE(C8:N8),"-") -> - | J3: ='Lista de Indicadores'!H21 -> 1 | K3: 0.3 | L3: 0.3 | M3: 0.4 | N3: ='Lista de Indicadores'!J21 -> Mensual
B4: 2021
C5: Enero | D5: Febrero | E5: Marzo | F5: Abril | G5: Mayo | H5: Junio | I5: Julio | J5: Agosto | K5: Septiembre | L5: Octubre | M5: Noviembre | N5: Diciembre
B6: ='Lista de Indicadores'!F21 -> Nuevos diseños producidos y aceptados por el cliente
B7: ='Lista de Indicadores'!G21 -> Numero de diseño aprobados por el clientes
B8: Indicador | C8: =IFERROR(IF(ISBLANK(C7),"",C6/C7),"-") | D8: =IFERROR(IF(ISBLANK(D7),"",D6/D7),"-") | E8: =IFERROR(IF(ISBLANK(E7),"",E6/E7),"-") | F8: =IFERROR(IF(ISBLANK(F7),"",F6/F7),"-") | G8: =IFERROR(IF(ISBLANK(G7),"",G6/G7),"-") | H8: =IFERROR(IF(ISBLANK(H7),"",H6/H7),"-") | I8: =IFERROR(IF(ISBLANK(I7),"",I6/I7),"-") | J8: =IFERROR(IF(ISBLANK(J7),"",J6/J7),"-") | ... N8: =IFERROR(IF(ISBLANK(N7),"",N6/N7),"-")
B30: ACCIONES A TOMAR
B31: Mes | C31: Acciones a desarrollar | H31: Responsable | K31: Fecha a ejecutar
B32: Enero
B33: Febrero
B34: Marzo
B35: Abril
B36: Mayo
B37: Junio
B38: Julio
B39: Agosto
B40: Setiembre
B41: Octubre
B42: Noviembre
B43: Diciembre

Sheet IND14
B2: Nombre del Indicador | C2: ='Lista de Indicadores'!D22 -> Cumplimiento de revision de requisito del producto | F2: FORMULA | I2: RESULTADO | J2: META | K2: BUENO | L2: REGULAR | M2: MALO | N2: FRECUENCIA DE SEGUIMIENTO
F3: ='Lista de Indicadores'!E22 -> (Nro. de orden de pedido liberado por el encargado de calidad/Nro. total de orden de pedido)*100 | I3: =IFERROR(AVERAGE(C8:N8),"-") -> - | J3: ='Lista de Indicadores'!H22 -> 1 | K3: 0.3 | L3: 0.3 | M3: 0.4 | N3: ='Lista de Indicadores'!J22 -> Mensual
B4: 2021
C5: Enero | D5: Febrero | E5: Marzo | F5: Abril | G5: Mayo | H5: Junio | I5: Julio | J5: Agosto | K5: Septiembre | L5: Octubre | M5: Noviembre | N5: Diciembre
B6: ='Lista de Indicadores'!F22 -> Nro. de orden de pedido liberado por el encargado de calidad
B7: ='Lista de Indicadores'!G22 -> Nro. total de orden de pedido
B8: Indicador | C8: =IFERROR(IF(ISBLANK(C7),"",C6/C7),"-") | D8: =IFERROR(IF(ISBLANK(D7),"",D6/D7),"-") | E8: =IFERROR(IF(ISBLANK(E7),"",E6/E7),"-") | F8: =IFERROR(IF(ISBLANK(F7),"",F6/F7),"-") | G8: =IFERROR(IF(ISBLANK(G7),"",G6/G7),"-") | H8: =IFERROR(IF(ISBLANK(H7),"",H6/H7),"-") | I8: =IFERROR(IF(ISBLANK(I7),"",I6/I7),"-") | J8: =IFERROR(IF(ISBLANK(J7),"",J6/J7),"-") | ... N8: =IFERROR(IF(ISBLANK(N7),"",N6/N7),"-")
B30: ACCIONES A TOMAR
B31: Mes | C31: Acciones a desarrollar | H31: Responsable | K31: Fecha a ejecutar
B32: Enero
B33: Febrero
B34: Marzo
B35: Abril
B36: Mayo
B37: Junio
B38: Julio
B39: Agosto
B40: Setiembre
B41: Octubre
B42: Noviembre
B43: Diciembre

Sheet IND15
B2: Nombre del Indicador | C2: ='Lista de Indicadores'!D23 -> Eficacia de las acciones de los riesgos y oportunidades | F2: FORMULA | I2: RESULTADO | J2: META | K2: BUENO | L2: REGULAR | M2: MALO | N2: FRECUENCIA DE SEGUIMIENTO
F3: ='Lista de Indicadores'!E23 -> (Nro. de revisión de eficacia de acciones / Nro. de revisiones programadas)*100 | I3: =IFERROR(AVERAGE(C8:N8),"-") -> - | J3: ='Lista de Indicadores'!H23 -> 1 | K3: 0.3 | L3: 0.3 | M3: 0.4 | N3: ='Lista de Indicadores'!J23 -> Semestral
B4: 2021
C5: Enero | D5: Febrero | E5: Marzo | F5: Abril | G5: Mayo | H5: Junio | I5: Julio | J5: Agosto | K5: Septiembre | L5: Octubre | M5: Noviembre | N5: Diciembre
B6: ='Lista de Indicadores'!F23 -> Nro. de revisión de eficacia de acciones
B7: ='Lista de Indicadores'!G23 -> Nro. de revisiones programadas
B8: Indicador | C8: =IFERROR(IF(ISBLANK(C7),"",C6/C7),"-") | D8: =IFERROR(IF(ISBLANK(D7),"",D6/D7),"-") | E8: =IFERROR(IF(ISBLANK(E7),"",E6/E7),"-") | F8: =IFERROR(IF(ISBLANK(F7),"",F6/F7),"-") | G8: =IFERROR(IF(ISBLANK(G7),"",G6/G7),"-") | H8: =IFERROR(IF(ISBLANK(H7),"",H6/H7),"-") | I8: =IFERROR(IF(ISBLANK(I7),"",I6/I7),"-") | J8: =IFERROR(IF(ISBLANK(J7),"",J6/J7),"-") | ... N8: =IFERROR(IF(ISBLANK(N7),"",N6/N7),"-")
B30: ACCIONES A TOMAR
B31: Mes | C31: Acciones a desarrollar | H31: Responsable | K31: Fecha a ejecutar
B32: Enero
B33: Febrero
B34: Marzo
B35: Abril
B36: Mayo
B37: Junio
B38: Julio
B39: Agosto
B40: Setiembre
B41: Octubre
B42: Noviembre
B43: Diciembre
