Workbook

Sheet Hoja1
A7: Fecha de actualización: 27/12/2022
A8: Compromiso de la Politica del SIG | B8: Objetivos | C8: Meta | D8: Sistema de Gestión | E8: Que se va hacer | F8: Recursos | G8: Responsable | H8: Proceso | I8: Finalizará | J8: Evaluacion de resultados | K8: Resultados 2022
A9: Entregar prendas de vestir que cumplan con las especificaciones exigidas por nuestros clientes | B9: Lograr entregar a tiempo los pedidos a los clientes | C9: 0.9 | D9: SGC | E9: *Mantener comunicación constante con los clientes *Realizar seguimiento al indice de quejas *Realizar seguimiento del cumplimiento de las fechas de entrega de los pedidos *Realizar reuniones de apertura con los trabajadores antes de iniciar la producción | F9: *Tiempo *Indicadores del sistema de gestión *Cartera de clientes | G9: Jefe ingenieria de confecciones / Jefe Comercial / Coordinador SIG | H9: Confección/Comercial | I9: Permantente | J9: *Indicador de quejas *Indicador cumplimiento de pedido | K9: =(95%+100%)/2 -> 0.975
A10: Enfoque en la satisfacción del cliente | B10: Lograr la satisfacción del cliente | C10: 0.9 | D10: SGC | E10: *Mantener comunicación constante con los clientes *Realizar seguimiento al indice de quejas *Realizar seguimiento al indice de satisfacción del cliente | F10: *Tiempo *Indicadores del sistema de gestión *Cartera de clientes *Encuestas | G10: Jefe ingenieria de confecciones / Jefe Comercial / Coordinador SIG | H10: Confección/Comercial | I10: Permantente | J10: *Indicador de quejas *Indicador de satisfacción del cliente | K10: 1
A11: Utilizar productos, materiales e insumos de calidad debidamente seleccionados | B11: Adquirir productos, materiales e insumos a proveedores calificados | C11: 0.7 | D11: SGC | E11: *Realizar la actividad de selección, evaluacion y reevaluación de proveedores *Verificar la calidad de todos los productos adquiridos | F11: *Tiempo *Lista de proveedores calificados | G11: Jefe Comercial/Jefe ingenieria de confecciones / Coordinador SIG | H11: Comercial | I11: Permantente | J11: *Indicador de evaluacion de proveedor | K11: 0.75
A12: Capacitar y concientizar a todos nuestros trabajadores en temas relacionados a la calidad y seguridad que permita desempeñarse en sus actividades de forma segura y eficiente. | B12: Cumplir la ejecucion del programa de Capacitaciones | C12: 0.9 | D12: SGC - SGSST | E12: *Capacitar a los trabajadores | F12: *Tiempo *Personal Calificado *Indicadores del sistema de gestión *Registro de inspeccion de equipos | G12: Jefe ingenieria de confecciones / Supervisor SIG/Jefe de Gestión de Talento Humano | H12: RRHH | I12: Permantente | J12: *Indicador de cumplimiento de capacitaciones programadas | K12: 1
A13: Minimizar los accidentes del SIG y fomentar la participación y consulta de los trabajadores | B13: Promover el reporte de accidentes y su gestion inmediata | C13: 0.7 | D13: SGSST | E13: *Registro y reporte de accidentes *Ejecutar las inspecciones de forma periodica | F13: *Tiempo *Indicadores del sistema de gestión *Registro de Reporte de accidentes | G13: Jefe ingenieria de confecciones / Supervisor SIG | H13: SGSST | I13: Permantente | J13: *Indicador de reporte de accidentes | K13: 1

Sheet Hoja1 (2)
A8: =Hoja1!B8 -> Objetivos | B8: =Hoja1!C8 -> Meta | C8: =Hoja1!D8 -> Sistema de Gestión | D8: =Hoja1!H8 -> Proceso | E8: =Hoja1!K8 -> Resultados 2022
A9: =Hoja1!B9 -> Lograr entregar a tiempo los pedidos a los clientes | B9: =Hoja1!C9 -> 0.9 | C9: =Hoja1!D9 -> SGC | D9: =Hoja1!H9 -> Confección/Comercial | E9: =Hoja1!K9 -> 0.975
A10: =Hoja1!B11 -> Adquirir productos, materiales e insumos a proveedores calificados | B10: =Hoja1!C11 -> 0.7 | C10: =Hoja1!D11 -> SGC | D10: =Hoja1!H11 -> Comercial | E10: =Hoja1!K11 -> 0.75
A11: =Hoja1!B12 -> Cumplir la ejecucion del programa de Capacitaciones | B11: =Hoja1!C12 -> 0.9 | C11: =Hoja1!D12 -> SGC - SGSST | D11: =Hoja1!H12 -> RRHH | E11: =Hoja1!K12 -> 1
A12: =Hoja1!B13 -> Promover el reporte de accidentes y su gestion inmediata | B12: =Hoja1!C13 -> 0.7 | C12: =Hoja1!D13 -> SGSST | D12: =Hoja1!H13 -> SGSST | E12: =Hoja1!K13 -> 1
