Workbook
Name mes: #REF!

Sheet Lista de Indicadores
K1: @
A8: Nro | B8: Proceso | C8: Sistema de Gestión | D8: Nombre | E8: Indicador | F8: Variables 1 | G8: Variable 2 | H8: Meta | I8: Resultado Alcanzado | J8: Seguimiento
A9: 1 | B9: Gestión Comercial | C9: SGC | D9: Indice de quejas | E9: (Nro. quejas atendidas a tiempo/Nro. total de quejas reportadas)*100 | F9: Nro. quejas atendidas a tiempo | G9: Nro. total de quejas reportadas | H9: 0.8 | I9: ='IND1'!I3 -> - | J9: Mensual
A10: 2 | C10: SGC | D10: índice de satisfacción del cliente | E10: (Nro. clientes satisfechos /Nro. total de clientes encuestados )*100 | F10: Nro. clientes satisfechos | G10: Nro. total de clientes encuestados | H10: [90%-100%] | I10: ='IND2'!I3 -> 1 | J10: Anual
A11: 3 | B11: Confección | C11: SGC | D11: Cumplimiento de pedidos | E11: (Nro. pedidos atendidos dentro de plazo de atención/Nro. total de pedidos recepcionados por el cliente)*100 | F11: Nro. pedidos atendidos dentro de plazo de atención | G11: Nro. total de pedidos recepcionados por el cliente | H11: [90%-100%] | I11: ='IND3'!I3 -> 1 | J11: Mensual
A12: 4 | B12: Mantenimiento y Control de Equipo | C12: SGC | D12: Cumplimiento de mantenimientos programados | E12: (Nro. mantenimientos ejecutadas dentro del plazo/Nro. total de mantenimientos programados)*100 | F12: Nro. mantenimientos ejecutadas dentro del plazo | G12: Nro. total de mantenimientos programados | H12: 0.8 | I12: ='IND4'!I3 -> 1 | J12: Mensual
A13: 5 | B13: Recursos Humanos | C13: SGC / SGSST | D13: Cumplimiento del programa de capacitación | E13: (Nro. capacitaciones ejecutadas dentro del plazo/Nro. total de capacitaciones programadas)*100 | F13: Nro. capacitaciones ejecutadas dentro del plazo | G13: Nro. total de capacitaciones programadas | H13: [90%-100%] | I13: ='IND5'!I3 -> 1 | J13: Mensual
A14: 6 | B14: Gestión SIG | C14: SGSST | D14: Reducción de incidentes | E14: (Nro. De correcciones inmediatas/Nro. de incidentes )*100 | F14: Nro. de incidentes ocurridos | G14: Nro. de correciones inmediatas | H14: 0.7 | I14: ='IND6'!I3 -> 1 | J14: Mensual
A15: 7 | B15: Gestión SIG | C15: SGSST | D15: Indicador de accidentes | E15: Indicador de frecuencia (IF)= (Nro. De accidentes de trabajo/Horas-Hombre trabajadas)x10^6 | F15: Nro. De accidentes de trabajo | G15: Horas-Hombre trabajadas | H15: 0.7 | I15: ='IND7'!I3 -> 0.08437144 | J15: Mensual
E16: Indicador de severidad (IS)= Nro de días perdidos / (Horas-hombre trabajadas)x 10^6 | F16: Nro de días perdidos | G16: Horas-hombre trabajadas
E17: (IF*IS)/1000 | F17: Indicador de frecuencia (IF) | G17: Indicador de severidad (IS)
A18: 8 | B18: Gestión SIG | C18: SGC / SGSST | D18: Cumplimiento del programa auditorias internas | E18: (Nro. de auditorias ejecutadas/Nro. total de auditorias programadas)*100 | F18: Nro. de auditorias ejecutadas | G18: Nro. total de auditorias programada | H18: 0.7 | I18: ='IND8'!I3 -> 1 | J18: Anual
A19: 9 | B19: Planeamiento Estrategico | C19: SGC / SGSST | D19: Indice de mejoras | E19: (Nro. de acciones de mejora detectada como resultado de la revisión por la dirección/Nro. total de revisiones por la dirección ejecutadas)*100 | F19: Nro. de acciones de mejora detectada como resultado de la revisión por la dirección | G19: Nro. total de revisiones por la dirección ejecutadas | H19: 0.7 | I19: No aplica | J19: Anual
A20: 10 | B20: Diseño | C20: SGC | D20: índice de aprobación de Diseños | E20: (Nro. Diseños aprobados /Nro. total de diseños elaborados )*100 | F20: Nro. Diseños aprobados | G20: Nro. total de diseños elaborados | H20: [90%-100%] | I20: ='IND10'!I3 -> 1 | J20: Mensual

Sheet IND1
B2: Nombre del Indicador | C2: ='Lista de Indicadores'!D9 -> Indice de quejas | F2: FORMULA | I2: RESULTADO | J2: META | K2: BUENO | L2: REGULAR | M2: MALO | N2: FRECUENCIA DE SEGUIMIENTO
F3: ='Lista de Indicadores'!E9 -> (Nro. quejas atendidas a tiempo/Nro. total de quejas reportadas)*100 | I3: =IFERROR(AVERAGE(C8:N8),"-") -> - | J3: ='Lista de Indicadores'!H9 -> 0.8 | K3: 0.3 | L3: 0.3 | M3: 0.4 | N3: ='Lista de Indicadores'!J9 -> Mensual
B4: 2023
C5: Enero | D5: Febrero | E5: Marzo | F5: Abril | G5: Mayo | H5: Junio | I5: Julio | J5: Agosto | K5: Septiembre | L5: Octubre | M5: Noviembre | N5: Diciembre
B6: ='Lista de Indicadores'!F9 -> Nro. quejas atendidas a tiempo | C6: - | D6: - | E6: - | F6: - | G6: - | H6: -
B7: ='Lista de Indicadores'!G9 -> Nro. total de quejas reportadas | C7: - | D7: - | E7: - | F7: - | G7: - | H7: -
B8: Indicador | C8: =IFERROR(IF(ISBLANK(C7),"",C6/C7),"-") -> - | D8: =IFERROR(IF(ISBLANK(D7),"",D6/D7),"-") -> - | E8: =IFERROR(IF(ISBLANK(E7),"",E6/E7),"-") -> - | F8: =IFERROR(IF(ISBLANK(F7),"",F6/F7),"-") -> - | G8: =IFERROR(IF(ISBLANK(G7),"",G6/G7),"-") -> - | H8: =IFERROR(IF(ISBLANK(H7),"",H6/H7),"-") -> - | I8: =IFERROR(IF(ISBLANK(I7),"",I6/I7),"-") | J8: =IFERROR(IF(ISBLANK(J7),"",J6/J7),"-") | ... N8: =IFERROR(IF(ISBLANK(N7),"",N6/N7),"-")
B30: ACCIONES A TOMAR
B31: Mes | C31: Acciones a desarrollar | H31: Responsable | K31: Fecha a ejecutar
B32: Enero
B33: Febrero
B34: Marzo
B35: Abril
B36: Mayo
B37: Junio
B38: Julio
B39: Agosto
B40: Setiembre
B41: Octubre
B42: Noviembre
B43: Diciembre

Sheet IND2
B2: Nombre del Indicador | C2: ='Lista de Indicadores'!D10 -> índice de satisfacción del cliente | F2: FORMULA | I2: RESULTADO | J2: META | K2: BUENO | L2: REGULAR | M2: MALO | N2: FRECUENCIA DE SEGUIMIENTO
F3: ='Lista de Indicadores'!E10 -> (Nro. clientes satisfechos /Nro. total de clientes encuestados )*100 | I3: =IFERROR(AVERAGE(C8:N8),"-") -> 1 | J3: ='Lista de Indicadores'!H10 -> [90%-100%] | K3: 0.6 | L3: 0.5 | M3: 0.3 | N3: MENSUAL
B4: 2023
C5: Enero | D5: Febrero | E5: Marzo | F5: Abril | G5: Mayo | H5: Junio | I5: Julio | J5: Agosto | K5: Septiembre | L5: Octubre | M5: Noviembre | N5: Diciembre
B6: ='Lista de Indicadores'!F10 -> Nro. clientes satisfechos | D6: 2 | E6: 2 | F6: 5 | G6: 4 | H6: 1
B7: ='Lista de Indicadores'!G10 -> Nro. total de clientes encuestados | D7: 2 | E7: 2 | F7: 5 | G7: 4 | H7: 1
B8: Indicador | C8: =IFERROR(IF(ISBLANK(C7),"",C6/C7),"-") | D8: =IFERROR(IF(ISBLANK(D7),"",D6/D7),"-") -> 1 | E8: =IFERROR(IF(ISBLANK(E7),"",E6/E7),"-") -> 1 | F8: =IFERROR(IF(ISBLANK(F7),"",F6/F7),"-") -> 1 | G8: =IFERROR(IF(ISBLANK(G7),"",G6/G7),"-") -> 1 | H8: =IFERROR(IF(ISBLANK(H7),"",H6/H7),"-") -> 1 | I8: =IFERROR(IF(ISBLANK(I7),"",I6/I7),"-") | J8: =IFERROR(IF(ISBLANK(J7),"",J6/J7),"-") | ... N8: =IFERROR(IF(ISBLANK(N7),"",N6/N7),"-")
B30: ACCIONES A TOMAR
B31: Mes | C31: Acciones a desarrollar | H31: Responsable | K31: Fecha a ejecutar
B32: Enero
B33: Febrero
B34: Marzo
B35: Abril
B36: Mayo
B37: Junio
B38: Julio
B39: Agosto
B40: Setiembre
B41: Octubre
B42: Noviembre
B43: Diciembre

Sheet IND3
B2: Nombre del Indicador | C2: ='Lista de Indicadores'!D11 -> Cumplimiento de pedidos | F2: FORMULA | I2: RESULTADO | J2: META | K2: BUENO | L2: REGULAR | M2: MALO | N2: FRECUENCIA DE SEGUIMIENTO
F3: ='Lista de Indicadores'!E11 -> (Nro. pedidos atendidos dentro de plazo de atención/Nro. total de pedidos recepcionados por el cliente)*100 | I3: =IFERROR(AVERAGE(C8:N8),"-") -> 1 | J3: ='Lista de Indicadores'!H11 -> [90%-100%] | K3: 0.3 | L3: 0.3 | M3: 0.4 | N3: ='Lista de Indicadores'!J11 -> Mensual
B4: 2023
C5: Enero | D5: Febrero | E5: Marzo | F5: Abril | G5: Mayo | H5: Junio | I5: Julio | J5: Agosto | K5: Septiembre | L5: Octubre | M5: Noviembre | N5: Diciembre
B6: ='Lista de Indicadores'!F11 -> Nro. pedidos atendidos dentro de plazo de atención | C6: 3 | D6: 6 | E6: 5 | F6: 7 | G6: 5
B7: ='Lista de Indicadores'!G11 -> Nro. total de pedidos recepcionados por el cliente | C7: 3 | D7: 6 | E7: 5 | F7: 7 | G7: 5
B8: Indicador | C8: =IFERROR(IF(ISBLANK(C7),"",C6/C7),"-") -> 1 | D8: =IFERROR(IF(ISBLANK(D7),"",D6/D7),"-") -> 1 | E8: =IFERROR(IF(ISBLANK(E7),"",E6/E7),"-") -> 1 | F8: =IFERROR(IF(ISBLANK(F7),"",F6/F7),"-") -> 1 | G8: =IFERROR(IF(ISBLANK(G7),"",G6/G7),"-") -> 1 | H8: =IFERROR(IF(ISBLANK(H7),"",H6/H7),"-") | I8: =IFERROR(IF(ISBLANK(I7),"",I6/I7),"-") | J8: =IFERROR(IF(ISBLANK(J7),"",J6/J7),"-") | ... N8: =IFERROR(IF(ISBLANK(N7),"",N6/N7),"-")
B30: ACCIONES A TOMAR
B31: Mes | C31: Acciones a desarrollar | H31: Responsable | K31: Fecha a ejecutar
B32: Enero
B33: Febrero
B34: Marzo
B35: Abril
B36: Mayo
B37: Junio
B38: Julio
B39: Agosto
B40: Setiembre
B41: Octubre
B42: Noviembre
B43: Diciembre

Sheet IND4
B2: Nombre del Indicador | C2: ='Lista de Indicadores'!D12 -> Cumplimiento de mantenimientos programados | F2: FORMULA | I2: RESULTADO | J2: META | K2: BUENO | L2: REGULAR | M2: MALO | N2: FRECUENCIA DE SEGUIMIENTO
F3: ='Lista de Indicadores'!E12 -> (Nro. mantenimientos ejecutadas dentro del plazo/Nro. total de mantenimientos programados)*100 | I3: =IFERROR(AVERAGE(C8:N8),"-") -> 1 | J3: ='Lista de Indicadores'!H12 -> 0.8 | K3: 0.3 | L3: 0.3 | M3: 0.4 | N3: ='Lista de Indicadores'!J12 -> Mensual
B4: 2023
C5: Enero | D5: Febrero | E5: Marzo | F5: Abril | G5: Mayo | H5: Junio | I5: Julio | J5: Agosto | K5: Septiembre | L5: Octubre | M5: Noviembre | N5: Diciembre
B6: ='Lista de Indicadores'!F12 -> Nro. mantenimientos ejecutadas dentro del plazo | C6: 14 | D6: - | E6: - | F6: 0 | G6: 0 | H6: 0
B7: ='Lista de Indicadores'!G12 -> Nro. total de mantenimientos programados | C7: 14 | D7: - | E7: - | F7: 0 | G7: 0 | H7: 0
B8: Indicador | C8: =IFERROR(IF(ISBLANK(C7),"",C6/C7),"-") -> 1 | D8: =IFERROR(IF(ISBLANK(D7),"",D6/D7),"-") -> - | E8: =IFERROR(IF(ISBLANK(E7),"",E6/E7),"-") -> - | F8: =IFERROR(IF(ISBLANK(F7),"",F6/F7),"-") -> - | G8: =IFERROR(IF(ISBLANK(G7),"",G6/G7),"-") -> - | H8: =IFERROR(IF(ISBLANK(H7),"",H6/H7),"-") -> - | I8: =IFERROR(IF(ISBLANK(I7),"",I6/I7),"-") | J8: =IFERROR(IF(ISBLANK(J7),"",J6/J7),"-") | ... N8: =IFERROR(IF(ISBLANK(N7),"",N6/N7),"-")
B30: ACCIONES A TOMAR
B31: Mes | C31: Acciones a desarrollar | H31: Responsable | K31: Fecha a ejecutar
B32: Enero
B33: Febrero
B34: Marzo
B35: Abril
B36: Mayo
B37: Junio
B38: Julio
B39: Agosto
B40: Setiembre
B41: Octubre
B42: Noviembre
B43: Diciembre

Sheet IND5
B2: Nombre del Indicador | C2: ='Lista de Indicadores'!D13 -> Cumplimiento del programa de capacitación | F2: FORMULA | I2: RESULTADO | J2: META | K2: BUENO | L2: REGULAR | M2: MALO | N2: FRECUENCIA DE SEGUIMIENTO
F3: ='Lista de Indicadores'!E13 -> (Nro. capacitaciones ejecutadas dentro del plazo/Nro. total de capacitaciones programadas)*100 | I3: =IFERROR(AVERAGE(C8:N8),"-") -> 1 | J3: ='Lista de Indicadores'!H13 -> [90%-100%] | K3: 0.3 | L3: 0.3 | M3: 0.4 | N3: ='Lista de Indicadores'!J13 -> Mensual
B4: 2023
C5: Enero | D5: Febrero | E5: Marzo | F5: Abril | G5: Mayo | H5: Junio | I5: Julio | J5: Agosto | K5: Septiembre | L5: Octubre | M5: Noviembre | N5: Diciembre
B6: ='Lista de Indicadores'!F13 -> Nro. capacitaciones ejecutadas dentro del plazo | C6: 1 | D6: 2 | E6: 1 | F6: 2 | G6: 0 | H6: 3 | I6: 1 | K6: 1 | L6: 3 | N6: 1
B7: ='Lista de Indicadores'!G13 -> Nro. total de capacitaciones programadas | C7: 1 | D7: 2 | E7: 1 | F7: 2 | G7: 0 | H7: 3 | I7: 1 | K7: 1 | L7: 3 | N7: 0
B8: Indicador | C8: =IFERROR(IF(ISBLANK(C7),"",C6/C7),"-") -> 1 | D8: =IFERROR(IF(ISBLANK(D7),"",D6/D7),"-") -> 1 | E8: =IFERROR(IF(ISBLANK(E7),"",E6/E7),"-") -> 1 | F8: =IFERROR(IF(ISBLANK(F7),"",F6/F7),"-") -> 1 | G8: =IFERROR(IF(ISBLANK(G7),"",G6/G7),"-") -> - | H8: =IFERROR(IF(ISBLANK(H7),"",H6/H7),"-") -> 1 | I8: =IFERROR(IF(ISBLANK(I7),"",I6/I7),"-") -> 1 | J8: =IFERROR(IF(ISBLANK(J7),"",J6/J7),"-") | ... N8: =IFERROR(IF(ISBLANK(N7),"",N6/N7),"-") -> -
B30: ACCIONES A TOMAR
B31: Mes | C31: Acciones a desarrollar | H31: Responsable | K31: Fecha a ejecutar
B32: Enero
B33: Febrero
B34: Marzo
B35: Abril
B36: Mayo
B37: Junio
B38: Julio
B39: Agosto
B40: Setiembre
B41: Octubre
B42: Noviembre
B43: Diciembre

Sheet IND6
B2: Nombre del Indicador | C2: ='Lista de Indicadores'!D14 -> Reducción de incidentes | F2: FORMULA | I2: RESULTADO | J2: META | K2: BUENO | L2: REGULAR | M2: MALO | N2: FRECUENCIA DE SEGUIMIENTO
F3: ='Lista de Indicadores'!E14 -> (Nro. De correcciones inmediatas/Nro. de incidentes )*100 | I3: =IFERROR(AVERAGE(C8:N8),"-") -> 1 | J3: ='Lista de Indicadores'!H15 -> 0.7 | K3: 0.3 | L3: 0.3 | M3: 0.4 | N3: ='Lista de Indicadores'!J15 -> Mensual
B4: 2023
C5: Enero | D5: Febrero | E5: Marzo | F5: Abril | G5: Mayo | H5: Junio | I5: Julio | J5: Agosto | K5: Septiembre | L5: Octubre | M5: Noviembre | N5: Diciembre
B6: ='Lista de Indicadores'!F14 -> Nro. de incidentes ocurridos | C6: 2 | D6: 1 | F6: 1 | G6: 3 | H6: 2 | I6: 1 | J6: - | K6: 1 | L6: 1 | M6: 1 | N6: -
B7: ='Lista de Indicadores'!G14 -> Nro. de correciones inmediatas | C7: 2 | D7: 1 | F7: 1 | G7: 3 | H7: 2 | I7: 1 | J7: - | K7: 1 | L7: 1 | M7: 1 | N7: -
B8: Indicador | C8: =IFERROR(IF(ISBLANK(C7),"",C7/C6),"-") -> 1 | D8: =IFERROR(IF(ISBLANK(D7),"",D7/D6),"-") -> 1 | E8: =IFERROR(IF(ISBLANK(E7),"",E7/E6),"-") | F8: =IFERROR(IF(ISBLANK(F7),"",F7/F6),"-") -> 1 | G8: =IFERROR(IF(ISBLANK(G7),"",G7/G6),"-") -> 1 | H8: =IFERROR(IF(ISBLANK(H7),"",H7/H6),"-") -> 1 | I8: =IFERROR(IF(ISBLANK(I7),"",I7/I6),"-") -> 1 | J8: =IFERROR(IF(ISBLANK(J7),"",J7/J6),"-") -> - | ... N8: =IFERROR(IF(ISBLANK(N7),"",N7/N6),"-") -> -
B30: ACCIONES A TOMAR
B31: Mes | C31: Acciones a desarrollar | H31: Responsable | K31: Fecha a ejecutar
B32: Enero
B33: Febrero
B34: Marzo
B35: Abril
B36: Mayo
B37: Junio
B38: Julio
B39: Agosto
B40: Setiembre
B41: Octubre
B42: Noviembre
B43: Diciembre

Sheet IND7
B2: Nombre del Indicador | C2: ='Lista de Indicadores'!D15 -> Indicador de accidentes | F2: FORMULA | I2: RESULTADO | J2: META | K2: BUENO | L2: REGULAR | M2: MALO | N2: FRECUENCIA DE SEGUIMIENTO
F3: ='Lista de Indicadores'!E16 -> Indicador de severidad (IS)= Nro de días perdidos / (Horas-hombre trabajadas)x 10^6 | I3: =IFERROR(AVERAGE(C12:N12),"-") -> 0.08437144 | J3: ='Lista de Indicadores'!H15 -> 0.7 | K3: 0.3 | L3: 0.3 | M3: 0.4 | N3: ='Lista de Indicadores'!J15 -> Mensual
B4: 2023
C5: Enero | D5: Febrero | E5: Marzo | F5: Abril | G5: Mayo | H5: Junio | I5: Julio | J5: Agosto | K5: Septiembre | L5: Octubre | M5: Noviembre | N5: Diciembre
A6: IF | B6: ='Lista de Indicadores'!F15 -> Nro. De accidentes de trabajo | E6: 1
B7: ='Lista de Indicadores'!G15 -> Horas-Hombre trabajadas | E7: =19*8*30 -> 4560
A8: IS | B8: ='Lista de Indicadores'!F16 -> Nro de días perdidos | E8: =1/(19*30) -> 0.001754386
B9: ='Lista de Indicadores'!G16 -> Horas-hombre trabajadas | E9: =E7 -> 4560
B10: ='Lista de Indicadores'!F17 -> Indicador de frecuencia (IF) | C10: =(C6*10^6)/C7 -> #DIV/0! | D10: =(D6*10^6)/D7 -> #DIV/0! | E10: =(E6*10^6)/E7 -> 219.29825 | F10: =(F6*10^6)/F7 -> #DIV/0! | G10: =(G6*10^6)/G7 -> #DIV/0! | H10: =(H6*10^6)/H7 -> #DIV/0! | I10: =(I6*10^6)/I7 -> #DIV/0! | J10: =(J6*10^6)/J7 -> #DIV/0! | ... N10: =(N6*10^6)/N7 -> #DIV/0!
B11: ='Lista de Indicadores'!G17 -> Indicador de severidad (IS) | C11: =(C8/C9)*10^6 -> #DIV/0! | D11: =(D8/D9)*10^6 -> #DIV/0! | E11: =(E8*10^6)/E9 -> 0.38473376 | F11: =(F8/F9)*10^6 -> #DIV/0! | G11: =(G8/G9)*10^6 -> #DIV/0! | H11: =(H8/H9)*10^6 -> #DIV/0! | I11: =(I8/I9)*10^6 -> #DIV/0! | J11: =(J8/J9)*10^6 -> #DIV/0! | K11: =(K8/K9)*10^6 -> #DIV/0! | L11: =(L8/L9)*10^6 -> #DIV/0! | M11: =(M8/M9)*10^6 -> #DIV/0! | N11: =(N8/N9)*10^6 -> #DIV/0!
B12: Indicador | C12: =IFERROR(IF(ISBLANK(C11),"",(C11*C10)/1000),"-") -> - | D12: =IFERROR(IF(ISBLANK(D11),"",(D11*D10)/1000),"-") -> - | E12: =IFERROR(IF(ISBLANK(E11),"",(E11*E10)/1000),"-") -> 0.08437144 | F12: =IFERROR(IF(ISBLANK(F11),"",(F11*F10)/1000),"-") -> - | G12: =IFERROR(IF(ISBLANK(G11),"",(G11*G10)/1000),"-") -> - | H12: =IFERROR(IF(ISBLANK(H11),"",(H11*H10)/1000),"-") -> - | I12: =IFERROR(IF(ISBLANK(I11),"",(I11*I10)/1000),"-") -> - | J12: =IFERROR(IF(ISBLANK(J11),"",(J11*J10)/1000),"-") -> - | ... N12: =IFERROR(IF(ISBLANK(N11),"",(N11*N10)/1000),"-") -> -
B34: ACCIONES A TOMAR
B35: Mes | C35: Acciones a desarrollar | H35: Responsable | K35: Fecha a ejecutar
B36: Enero
B37: Febrero
B38: Marzo
B39: Abril
B40: Mayo
B41: Junio
B42: Julio
B43: Agosto
B44: Setiembre
B45: Octubre
B46: Noviembre
B47: Diciembre

Sheet IND8
B2: Nombre del Indicador | C2: ='Lista de Indicadores'!D18 -> Cumplimiento del programa auditorias internas | F2: FORMULA | I2: RESULTADO | J2: META | K2: BUENO | L2: REGULAR | M2: MALO | N2: FRECUENCIA DE SEGUIMIENTO
F3: ='Lista de Indicadores'!E18 -> (Nro. de auditorias ejecutadas/Nro. total de auditorias programadas)*100 | I3: =IFERROR(AVERAGE(C8:N8),"-") -> 1 | J3: ='Lista de Indicadores'!H18 -> 0.7 | K3: 0.3 | L3: 0.3 | M3: 0.4 | N3: ='Lista de Indicadores'!J18 -> Anual
B4: 2023
C5: Enero | D5: Febrero | E5: Marzo | F5: Abril | G5: Mayo | H5: Junio | I5: Julio | J5: Agosto | K5: Septiembre | L5: Octubre | M5: Noviembre | N5: Diciembre
B6: ='Lista de Indicadores'!F18 -> Nro. de auditorias ejecutadas | D6: - | E6: - | F6: - | G6: - | H6: 1 | I6: -
B7: ='Lista de Indicadores'!G18 -> Nro. total de auditorias programada | D7: - | E7: - | F7: - | G7: - | H7: 1 | I7: -
B8: Indicador | C8: =IFERROR(IF(ISBLANK(C7),"",C6/C7),"-") | D8: =IFERROR(IF(ISBLANK(D7),"",D6/D7),"-") -> - | E8: =IFERROR(IF(ISBLANK(E7),"",E6/E7),"-") -> - | F8: =IFERROR(IF(ISBLANK(F7),"",F6/F7),"-") -> - | G8: =IFERROR(IF(ISBLANK(G7),"",G6/G7),"-") -> - | H8: =IFERROR(IF(ISBLANK(H7),"",H6/H7),"-") -> 1 | I8: =IFERROR(IF(ISBLANK(I7),"",I6/I7),"-") -> - | J8: =IFERROR(IF(ISBLANK(J7),"",J6/J7),"-") | ... N8: =IFERROR(IF(ISBLANK(N7),"",N6/N7),"-")
B30: ACCIONES A TOMAR
B31: Mes | C31: Acciones a desarrollar | H31: Responsable | K31: Fecha a ejecutar
B32: Enero
B33: Febrero
B34: Marzo
B35: Abril
B36: Mayo
B37: Junio
B38: Julio
B39: Agosto
B40: Setiembre
B41: Octubre
B42: Noviembre
B43: Diciembre

Sheet IND9
B2: Nombre del Indicador | C2: ='Lista de Indicadores'!D19 -> Indice de mejoras | F2: FORMULA | I2: RESULTADO | J2: META | K2: BUENO | L2: REGULAR | M2: MALO | N2: FRECUENCIA DE SEGUIMIENTO
F3: ='Lista de Indicadores'!E19 -> (Nro. de acciones de mejora detectada como resultado de la revisión por la dirección/Nro. total de revisiones por la dirección ejecutadas)*100 | I3: =IFERROR(AVERAGE(C8:N8),"-") -> - | J3: ='Lista de Indicadores'!H19 -> 0.7 | K3: 0.3 | L3: 0.3 | M3: 0.4 | N3: ='Lista de Indicadores'!J19 -> Anual
B4: 2023
C5: Enero | D5: Febrero | E5: Marzo | F5: Abril | G5: Mayo | H5: Junio | I5: Julio | J5: Agosto | K5: Septiembre | L5: Octubre | M5: Noviembre | N5: Diciembre
B6: ='Lista de Indicadores'!F19 -> Nro. de acciones de mejora detectada como resultado de la revisión por la dirección | C6: - | E6: - | F6: - | G6: - | H6: -
B7: ='Lista de Indicadores'!G19 -> Nro. total de revisiones por la dirección ejecutadas | C7: - | D7: - | E7: - | F7: - | G7: - | H7: -
B8: Indicador | C8: =IFERROR(IF(ISBLANK(C7),"",C6/C7),"-") -> - | D8: =IFERROR(IF(ISBLANK(D7),"",D6/D7),"-") -> - | E8: =IFERROR(IF(ISBLANK(E7),"",E6/E7),"-") -> - | F8: =IFERROR(IF(ISBLANK(F7),"",F6/F7),"-") -> - | G8: =IFERROR(IF(ISBLANK(G7),"",G6/G7),"-") -> - | H8: =IFERROR(IF(ISBLANK(H7),"",H6/H7),"-") -> - | I8: =IFERROR(IF(ISBLANK(I7),"",I6/I7),"-") | J8: =IFERROR(IF(ISBLANK(J7),"",J6/J7),"-") | ... N8: =IFERROR(IF(ISBLANK(N7),"",N6/N7),"-")
B30: ACCIONES A TOMAR
B31: Mes | C31: Acciones a desarrollar | H31: Responsable | K31: Fecha a ejecutar
B32: Enero
B33: Febrero
B34: Marzo
B35: Abril
B36: Mayo
B37: Junio
B38: Julio
B39: Agosto
B40: Setiembre
B41: Octubre
B42: Noviembre
B43: Diciembre

Sheet IND10
B2: Nombre del Indicador | C2: ='Lista de Indicadores'!D20 -> índice de aprobación de Diseños | F2: FORMULA | I2: RESULTADO | J2: META | K2: BUENO | L2: REGULAR | M2: MALO | N2: FRECUENCIA DE SEGUIMIENTO
F3: ='Lista de Indicadores'!E20 -> (Nro. Diseños aprobados /Nro. total de diseños elaborados )*100 | I3: =IFERROR(AVERAGE(C8:N8),"-") -> 1 | J3: ='Lista de Indicadores'!H20 -> [90%-100%] | K3: 0.3 | L3: 0.3 | M3: 0.4 | N3: ='Lista de Indicadores'!J20 -> Mensual
B4: 2023
C5: Enero | D5: Febrero | E5: Marzo | F5: Abril | G5: Mayo | H5: Junio | I5: Julio | J5: Agosto | K5: Septiembre | L5: Octubre | M5: Noviembre | N5: Diciembre
B6: ='Lista de Indicadores'!F20 -> Nro. Diseños aprobados | C6: 1 | E6: 5 | F6: 2 | G6: 1 | H6: -
B7: ='Lista de Indicadores'!G20 -> Nro. total de diseños elaborados | C7: 1 | D7: - | E7: 5 | F7: 2 | G7: 1 | H7: -
B8: Indicador | C8: =IFERROR(IF(ISBLANK(C7),"",C6/C7),"-") -> 1 | D8: =IFERROR(IF(ISBLANK(D7),"",D6/D7),"-") -> - | E8: =IFERROR(IF(ISBLANK(E7),"",E6/E7),"-") -> 1 | F8: =IFERROR(IF(ISBLANK(F7),"",F6/F7),"-") -> 1 | G8: =IFERROR(IF(ISBLANK(G7),"",G6/G7),"-") -> 1 | H8: =IFERROR(IF(ISBLANK(H7),"",H6/H7),"-") -> - | I8: =IFERROR(IF(ISBLANK(I7),"",I6/I7),"-") | J8: =IFERROR(IF(ISBLANK(J7),"",J6/J7),"-") | ... N8: =IFERROR(IF(ISBLANK(N7),"",N6/N7),"-")
B30: ACCIONES A TOMAR
B31: Mes | C31: Acciones a desarrollar | H31: Responsable | K31: Fecha a ejecutar
B32: Enero
B33: Febrero
B34: Marzo
B35: Abril
B36: Mayo
B37: Junio
B38: Julio
B39: Agosto
B40: Setiembre
B41: Octubre
B42: Noviembre
B43: Diciembre
